base_type,base_hardness,base_manufacturer,filler_type,filler_content,filler_manufacturer,temp,time,strength_initial,elongation_initial,strength_aged_240h_250C,elongation_aged_240h_250C,strength_aged_72h_250C,elongation_aged_72h_250C,resistivity,permittivity,tan_delta,dielectric_strength,ceramic_strength
VMQ,70,Xiameter,CaO,30,OOO_NPO_EkoTek,115,15,8.9,370,6.1,150,5.4,140,44000000000000.0,3.2,0.009,24.2,30.0
VMQ,70,Xiameter,Al(OH)3,30,JSC_Geokom,115,15,7.3,360,5.3,170,4.1,140,24000000000000.0,3.2,0.013,23.8,0.0
VMQ,70,Xiameter,MgAl2O4,30,JSC_Vostochnye_Ogneupory,115,15,8.3,350,4.3,100,5.2,80,42000000000000.0,2.9,0.001,23.5,38.3
VMQ,70,Xiameter,CaMg(CO3)2,30,JSC_Geokom,115,15,6.8,340,5.0,220,4.6,180,50000000000.0,4.2,0.027,12.1,80.0
VMQ,70,Xiameter,Mg3Si4O10(OH)2,30,JSC_Geokom,115,15,7.1,320,3.9,140,4.1,60,290000000000.0,3.1,0.013,26.1,88.3
VMQ,70,Xiameter,SiO2,30,OOO_Promsilikat,115,15,8.0,314,5.8,175,5.9,175,47000000000000.0,3.0,0.004,26.4,71.6
VMQ,70,Xiameter,Al2Si2O5(OH)4,30,JSC_Geokom,115,15,7.9,280,5.2,50,4.3,90,28000000000000.0,3.0,0.007,28.9,96.6
VMQ,70,Xiameter,Al2O3,30,OOO_Almatis_Group,115,15,6.7,250,5.7,180,6.6,200,40000000000000.0,3.1,0.003,25.3,96.6
VMQ,70,Xiameter,CaSiO3,30,JSC_Geokom,115,15,9.2,230,7.1,150,5.8,120,46000000000000.0,3.1,0.007,28.7,98.8
